268,Rahma,Adel,97 Hassan Ramadan Al Doqi Giza,01280742519,2004-06-07,F,RahmaAdel238@hotmail.com
269,Mostafa,Ezzat,62 Adly Downtown Cairo,01513864759,2007-02-08,M,MostafaEzzat112@outlook.com
270,Marawan,Hassan,52 Gamal Abdel Nasser Al-Salam Cairo,01162340985,2003-12-01,M,MarawanHassan182@outlook.com
271,Yasmin,Ezzat,28 Al Khamrawaya Shobra Cairo,01262098457,2007-08-28,F,YasminEzzat237@gmail.com
272,Nada,Ashraf,100 Gamal Abdel Nasser Al-Salam Cairo,01551286930,2006-12-10,F,NadaAshraf234@gmail.com
273,Seif,Emad,34 15 May Shobra Cairo,01227196053,2008-03-17,M,SeifEmad359@hotmail.com
274,Marawan,Khaled,42 Al Merghany Heliopolis Cairo,01290152643,2003-08-23,M,MarawanKhaled116@gmail.com
275,Marawan,Nader,62 Hassan Ramadan Al Doqi Giza,01115603792,2005-10-20,M,MarawanNader269@outlook.com
276,Noureen,Magdy,26 Shagaret Al Dor Zamalek Cairo,01008216435,2004-09-12,F,NoureenMagdy255@hotmail.com
277,Yara,Adel,85 Adly Downtown Cairo,01001962835,2003-04-26,F,YaraAdel344@outlook.com
278,Ahmed,Hani,37 Hassan Sabry Zamalek Cairo,01263521478,2003-10-13,M,AhmedHani268@gmail.com
279,Kareem,Farag,50 Hassan Assem Zamalek Cairo,01279614580,2004-01-24,M,KareemFarag149@outlook.com
280,Amani,Salah,42 Salah El Din Heliopolis Cairo,01103176842,2008-11-25,F,AmaniSalah415@gmail.com
281,Mahmoud,Khaled,46 Al Nozha Heliopolis Cairo,01565143208,2006-08-20,M,MahmoudKhaled64@hotmail.com
282,Ali,Nader,43 Hassan Assem Zamalek Cairo,01514280759,2003-10-20,M,AliNader250@outlook.com
283,Amr,Waleed,80 Hassan Ramadan Al Doqi Giza,01206289743,2005-11-20,M,AmrWaleed350@gmail.com
284,Wael,Mohamed,84 Gamal Abdel Nasser Al-Salam Cairo,01054671328,2007-07-06,M,WaelMohamed409@hotmail.com
285,Arwa,Farag,28 Gamal Abdel Nasser Al-Salam Cairo,01129408517,2003-06-23,F,ArwaFarag29@outlook.com
286,Abdalaziz,Nader,55 Salah El Din Heliopolis Cairo,01197152843,2007-10-13,M,AbdalazizNader137@gmail.com
287,Adham,Waleed,84 kamal Al Tawil Zamalek Cairo,01540216537,2004-11-27,M,AdhamWaleed70@outlook.com
288,Nour,Fawzi,51 Sherif Downtown Cairo,01018607349,2008-04-14,F,NourFawzi78@outlook.com
289,Omar,Nader,85 Ahmed Helmy Shobra Cairo,01590562417,2004-09-06,M,OmarNader19@gmail.com
290,Arwa,Farag,96 Al Merghany Heliopolis Cairo,01018396420,2007-05-26,F,ArwaFarag355@hotmail.com
291,Omnya,Hassan,14 Talaat Harb Downtown Cairo,01149367582,2007-06-15,F,OmnyaHassan239@gmail.com
292,Shahd,Ashraf,65 Al Hegaz Heliopolis Cairo,01272835409,2005-05-14,F,ShahdAshraf162@hotmail.com
293,Ibrahim,Hassan,54 Shaheen Al Doqi Giza,01167041932,2006-01-06,M,IbrahimHassan91@hotmail.com
294,Amir,Yaser,55 Al Hegaz Heliopolis Cairo,01557421936,2006-04-03,M,AmirYaser133@gmail.com
295,Seif,Nader,51 Hassan Ramadan Al Doqi Giza,01276481205,2005-11-02,M,SeifNader349@outlook.com
296,Abdelrahman,Mohamed,29 Gad Eid Al Doqi Giza,01503619287,2004-09-21,M,AbdelrahmanMohamed107@gmail.com
297,Hager,Sobhi,73 Champeleon Downtown Cairo,01064023917,2006-11-23,F,HagerSobhi231@hotmail.com
298,Sherif,Hassan,63 Adly Downtown Cairo,01232450891,2005-08-16,M,SherifHassan408@gmail.com
299,Nada,Fawzi,98 Hassan Ramadan Al Doqi Giza,01210328657,2004-06-23,F,NadaFawzi307@hotmail.com
300,Amani,Adel,76 Doletyan Shobra Cairo,01207618294,2008-09-23,F,AmaniAdel400@hotmail.com
301,Salma,Waleed,92 Al Ahram Heliopolis Cairo,01276358941,2004-08-14,F,SalmaWaleed48@hotmail.com
302,Wael,Fawzi,73 18St. , ElTahrir City Imbaba Giza,01045907681,2004-04-13,M,WaelFawzi66@outlook.com
303,Yasmin,Mohamed,13 Damascus Maadi Cairo,01178314502,2004-06-27,F,YasminMohamed367@gmail.com
304,Yara,Zakaria,31 Adly Downtown Cairo,01273195860,2004-04-26,F,YaraZakaria191@hotmail.com
305,Yousif,Fawzi,56 Talaat Harb Imbaba Giza,01235928064,2008-11-05,M,YousifFawzi296@gmail.com
306,Sherif,Salah,29 Al Ahram Heliopolis Cairo,01085132064,2007-07-13,M,SherifSalah379@gmail.com
307,Abdalaziz,Sobhi,23 Hassan Sabry Zamalek Cairo,01214632597,2003-05-16,M,AbdalazizSobhi203@hotmail.com
308,Shahd,Adel,100 Ahmed Helmy Shobra Cairo,01293086572,2008-03-26,F,ShahdAdel99@gmail.com
309,Abdallah,Waleed,77 Shaheen Al Doqi Giza,01537859104,2003-09-25,M,AbdallahWaleed69@hotmail.com
310,Amani,Fawzi,99 El Sadat Al-Salam Cairo,01174308921,2007-11-16,F,AmaniFawzi368@hotmail.com
311,Amir,Sayed,72 Salah El Din Heliopolis Cairo,01237569082,2003-09-22,M,AmirSayed239@gmail.com
312,Ehab,Hani,78 18St. , ElTahrir City Imbaba Giza,01251832079,2007-07-13,M,EhabHani203@outlook.com
313,Noureen,Adel,66 18St. , ElTahrir City Imbaba Giza,01045320187,2003-03-19,F,NoureenAdel133@gmail.com
314,Nour,Waleed,21 Mamdouh Salem Imbaba Giza,01552943701,2005-02-09,F,NourWaleed62@hotmail.com
315,Nourhan,Adel,85 15 May Shobra Cairo,01513789546,2003-12-08,F,NourhanAdel333@gmail.com
316,Marawan,Hani,72 El Sadat Al-Salam Cairo,01230852649,2005-01-21,M,MarawanHani49@outlook.com
317,Nada,Farag,48 Ahmed Helmy Shobra Cairo,01043725081,2008-06-21,F,NadaFarag390@gmail.com
318,Rahma,Ezzat,54 Baghdad Heliopolis Cairo,01523975681,2005-06-22,F,RahmaEzzat312@outlook.com
319,Kareem,Salah,23 Talaat Harb Downtown Cairo,01578953421,2006-01-08,M,KareemSalah61@hotmail.com
320,Omar,Ashraf,99 Gamal Abdel Nasser Al-Salam Cairo,01276901523,2004-05-25,M,OmarAshraf420@hotmail.com
321,Nada,Emad,5 28St. ,ElTahrir City Imbaba Giza,01083460215,2004-08-21,F,NadaEmad320@hotmail.com
322,Kareem,Salah,91 Mamdouh Salem Imbaba Giza,01106541983,2007-11-12,M,KareemSalah6@outlook.com
323,Dina,Yaser,98 Gamal Abdel Nasser Al-Salam Cairo,01225416709,2007-03-01,F,DinaYaser57@hotmail.com
324,Seif,Sayed,50 Al Merghany Heliopolis Cairo,01119463570,2005-10-09,M,SeifSayed313@hotmail.com
325,Mohamed,Ezzat,42 Damascus Maadi Cairo,01004583169,2003-05-08,M,MohamedEzzat11@hotmail.com
326,Arwa,Khalil,39 Rod El Farag Shobra Cairo,01183165472,2003-01-15,F,ArwaKhalil368@outlook.com
327,Marawan,Khalil,51 El Tahrir Downtown Cairo,01116084325,2005-05-21,M,MarawanKhalil191@outlook.com
328,Yara,Magdy,51 18St. , ElTahrir City Imbaba Giza,01534561079,2005-10-07,F,YaraMagdy374@hotmail.com
329,Arwa,Ashraf,50 Damascus Maadi Cairo,01126549371,2004-03-17,F,ArwaAshraf310@gmail.com
330,Abdalaziz,Nader,56 Oraby Maadi Cairo,01057106423,2004-01-06,M,AbdalazizNader97@hotmail.com
331,Haytham,Sayed,53 15 May Shobra Cairo,01140235697,2006-05-01,M,HaythamSayed290@gmail.com
332,Sherif,Emad,99 Mohammed Mazhar Zamalek Cairo,01578240561,2008-02-08,M,SherifEmad222@outlook.com
333,Nourhan,Sobhi,75 Rod El Farag Shobra Cairo,01532875604,2007-07-13,F,NourhanSobhi405@gmail.com
334,Toaa,Salah,29 El Sadat Al-Salam Cairo,01597658210,2003-02-15,F,ToaaSalah236@outlook.com
335,Aya,Ghanim,91 Sherif Downtown Cairo,01164783105,2006-12-22,F,AyaGhanim19@outlook.com
336,Amani,Waleed,58 El Tahrir Downtown Cairo,01540816327,2003-05-28,F,AmaniWaleed418@hotmail.com
337,Nourhan,Yaser,87 Shobra St. Shobra Cairo,01250683497,2006-04-07,F,NourhanYaser225@hotmail.com
338,Dina,Zakaria,21 Al Nahda Maadi Cairo,01502438657,2005-04-17,F,DinaZakaria289@outlook.com
339,Mostafa,Mohamed,26 Hassan Assem Zamalek Cairo,01226853097,2003-10-15,M,MostafaMohamed264@gmail.com
340,Eyad,Magdy,78 Ahmed Helmy Shobra Cairo,01097164250,2006-04-14,M,EyadMagdy64@outlook.com
341,Mariam,Khalil,24 Salah El Din Heliopolis Cairo,01560519482,2008-02-11,F,MariamKhalil330@outlook.com
342,Dina,Nader,26 Al Ahram Heliopolis Cairo,01076385209,2005-10-25,F,DinaNader206@hotmail.com
343,Omnya,Hassan,39 Champeleon Downtown Cairo,01139518427,2004-03-23,F,OmnyaHassan179@hotmail.com
344,Yara,Nader,61 28St. ,ElTahrir City Imbaba Giza,01050271693,2005-07-01,F,YaraNader198@hotmail.com
345,Noureen,Hassan,76 Shobra St. Shobra Cairo,01061853290,2007-08-13,F,NoureenHassan273@outlook.com
346,Nada,Khaled,80 Shaheen Al Doqi Giza,01285039746,2004-05-19,F,NadaKhaled298@outlook.com
347,Abdelrahman,Adel,47 Al Teraa Al Boulakeya Shobra Cairo,01529345168,2005-03-14,M,AbdelrahmanAdel29@gmail.com