1,Omar,Khalil,100 Baghdad Heliopolis Cairo,01505829637,1995-04-25,M,OmarKhalil93@gmail.com
2,Adham,Nader,73 Al Ahram Heliopolis Cairo,01594360251,2003-09-03,M,AdhamNader24@outlook.com
3,Sherif,Waleed,93 Talaat Harb Imbaba Giza,01115928730,1997-07-01,M,SherifWaleed333@gmail.com
4,Omar,Sayed,13 Al Merghany Heliopolis Cairo,01257381296,1989-02-02,M,OmarSayed128@hotmail.com
5,Seif,Hani,56 18St. ElTahrir City Imbaba Giza,01118265940,1999-08-15,M,SeifHani125@gmail.com
6,Ahmed,Khalil,81 Al Kanal Maadi Cairo,01067825309,1997-09-14,M,AhmedKhalil270@outlook.com
7,Ahmed,Khaled,99 Al Falaky Downtown Cairo,01238450269,1987-04-15,M,AhmedKhaled344@gmail.com
8,Kareem,Magdy,68 Shagaret Al Dor Zamalek Cairo,01523541068,1998-07-14,M,KareemMagdy52@gmail.com
9,Eyad,Farag,26 Mohammed Mazhar Zamalek Cairo,01062409138,1995-01-17,M,EyadFarag321@outlook.com
10,Mohamed,Sayed,100 Mamdouh Salem Imbaba Giza,01245712360,2003-12-28,M,MohamedSayed152@gmail.com
11,Mohamed,Ghanim,75 El Sadat Al-Salam Cairo,01571342958,1987-08-27,M,MohamedGhanim346@gmail.com
12,Mostafa,Fawzi,100 Taha Hussein Zamalek Cairo,01175386940,1989-09-10,M,MostafaFawzi140@hotmail.com
13,Mahmoud,Yaser,7 Talaat Harb Downtown Cairo,01564021578,2002-06-10,M,MahmoudYaser88@outlook.com
14,Haytham,Zakaria,46 Hassan Sabry Zamalek Cairo,01249871625,1998-04-15,M,HaythamZakaria134@outlook.com
15,Adham,Ghanim,94 Adly Downtown Cairo,01137129058,2001-03-24,M,AdhamGhanim152@outlook.com
16,Yousif,Ezzat,67 Gad Eid Al Doqi Giza,01274802935,1987-02-06,M,YousifEzzat101@outlook.com
17,Abdallah,Magdy,33 Damascus Maadi Cairo,01086135042,1987-04-04,M,AbdallahMagdy396@hotmail.com
18,Seif,Khaled,77 Talaat Harb Downtown Cairo,01207985142,1994-08-01,M,SeifKhaled59@hotmail.com
19,Mohamed,Nader,51 Al Hegaz Heliopolis Cairo,01179584362,1995-05-03,M,MohamedNader219@outlook.com
20,Seif,Ashraf,2 Talaat Harb Imbaba Giza,01528015439,1996-02-15,M,SeifAshraf82@gmail.com
21,Ahmed,Fawzi,10 Salah El Din Heliopolis Cairo,01175031864,1997-12-28,M,AhmedFawzi239@outlook.com
22,Ahmed,Ezzat,28 Doletyan Shobra Cairo,01559420381,2002-06-27,M,AhmedEzzat130@outlook.com
23,Ali,Hani,81 Rod El Farag Shobra Cairo,01257328016,1995-11-27,M,AliHani162@gmail.com
24,Kareem,Ghanim,6 Rod El Farag Shobra Cairo,01575941280,1992-11-22,M,KareemGhanim103@hotmail.com
25,Zeyad,Fawzi,35 Gad Eid Al Doqi Giza,01230265174,1992-01-26,M,ZeyadFawzi398@hotmail.com
26,Abdelrahman,Ashraf,8 Ahmed Helmy Shobra Cairo,01047128036,1994-10-10,M,AbdelrahmanAshraf24@hotmail.com
27,Zeyad,Mohamed,34 El Sadat Al-Salam Cairo,01198024653,1994-10-26,M,ZeyadMohamed244@gmail.com
28,Amir,Yaser,16 Rod El Farag Shobra Cairo,01287093125,1998-07-11,M,AmirYaser98@gmail.com
29,Omar,Fawzi,44 Kholousi Shobra Cairo,01219428306,1994-12-13,M,OmarFawzi192@gmail.com
30,Ahmed,Fawzi,63 Salah El Din Helipolis Cairo,01098574103,1992-09-21,M,AhmedFawzi362@hotmail.com
31,Mohamed,Hani,34 28St. El-Tahrir City Imbaba Giza,01030178425,2005-09-14,M,MohamedHani129@outlook.com
32,Zeyad,Yaser,40 18St.  ElTahrir City Imbaba Giza,01102374158,2005-07-20,M,ZeyadYaser356@hotmail.com
33,Seif,Magdy,50 Shaheen Al Doqi Giza,01149832615,2007-05-24,M,SeifMagdy359@hotmail.com
34,Ehab,Waleed,44 28St. El-Tahrir City Imbaba Giza,01016289075,2006-12-23,M,EhabWaleed339@outlook.com
35,Abdallah,Farag,54 Gamal Abdel Nasser Al-Salam Cairo,01245198607,2007-08-20,M,AbdallahFarag128@hotmail.com
36,Amr,Ashraf,77 Hassan Ramadan Al Doqi Giza,01507639154,2007-02-18,M,AmrAshraf272@gmail.com
37,Abdallah,Yaser,74 Taha Hussein Zamalek Cairo,01505397412,2007-04-15,M,AbdallahYaser291@hotmail.com
38,Wael,Khaled,62 26 July St Downtown Cairo,01241683907,2005-06-18,M,WaelKhaled403@hotmail.com
39,Yousif,Magdy,58 Talaat Harb Imbaba Giza,01153297064,2007-08-23,M,YousifMagdy139@gmail.com
40,Abdalaziz,Khalil,42 Bahgat Ali Zamalek Cairo,01152193076,2007-08-07,M,AbdalazizKhalil67@hotmail.com
41,Eyad,Salah,46 Gamal Abdel Nasser Al-Salam Cairo,01150762139,2008-02-15,M,EyadSalah153@outlook.com
42,Adham,Zakaria,24 Shaheen Al Doqi Giza,01137492185,2005-11-04,M,AdhamZakaria139@gmail.com
43,Mahmoud,Salah,33 Taha Hussein Zamalek Cairo,01584035912,2006-06-24,M,MahmoudSalah9@hotmail.com
44,Ibrahim,Emad,3 Al Merghany Heliopolis Cairo,01152730861,2005-03-09,M,IbrahimEmad331@outlook.com
45,Mohamed,Khaled,27 Al Kanal Maadi Cairo,01018963524,2007-03-14,M,MohamedKhaled122@outlook.com
46,Yousif,Ashraf,86 Hassan Ramadan Al Doqi Giza,01249713826,2007-02-23,M,YousifAshraf61@outlook.com
47,Haytham,Hassan,77 Sherif Downtown Cairo,01150176382,2007-01-11,M,HaythamHassan103@gmail.com
48,Eyad,Hani,100 28St. El-Tahrir City Imbaba Giza,01235081479,2007-01-05,M,EyadHani210@outlook.com
49,Amr,Farag,88 Gamal Abdel Nasser Al-Salam Cairo,01093281057,2008-06-21,M,AmrFarag253@gmail.com
50,Abdallah,Mohamed,67 Al Teraa Al Boulakeya Shobra Cairo,01578546120,2008-11-03,M,AbdallahMohamed184@hotmail.com
51,Rashad,Khaled,8 Shaheen Al Doqi Giza,01589041623,2008-05-26,M,RashadKhaled353@outlook.com
52,Mahmoud,Sayed,17 Kholousi Shobra Cairo,01225807169,2006-08-18,M,MahmoudSayed22@gmail.com
53,Haytham,Magdy,87 Salah El Din Helipolis Cairo,01292830175,2007-05-23,M,HaythamMagdy46@hotmail.com
54,Eyad,Zakaria,90 Gamal Abdel Nasser Al-Salam Cairo,01090572483,2005-09-14,M,EyadZakaria299@gmail.com
55,Rashad,Fawzi,12 Talaat Harb Imbaba Giza,01171643928,2008-01-11,M,RashadFawzi172@gmail.com
56,Zeyad,Salah,71 Rod El Farag Shobra Cairo,01147951082,2007-08-17,M,ZeyadSalah180@outlook.com
57,Ibrahim,Fawzi,94 Baghdad Helipolis Cairo,01087302169,2008-10-17,M,IbrahimFawzi217@outlook.com
58,Amir,Sayed,74 Talaat Harb Imbaba Giza,01081945036,2006-07-13,M,AmirSayed140@hotmail.com
59,Ibrahim,Ashraf,11 El Tahrir Downtown Cairo,01126408931,2005-11-13,M,IbrahimAshraf175@gmail.com
60,Amr,Farag,63 Taha Hussein Zamalek Cairo,01007695183,2005-11-24,M,AmrFarag116@hotmail.com
61,Rashad,Sayed,65 Kholousi Shobra Cairo,01119276584,1999-12-06,M,RashadSayed177@outlook.com
62,Haytham,Nader,19 Hassan Ramadan Al Doqi Giza,01257160239,2002-05-16,M,HaythamNader105@gmail.com
63,Sherif,Hani,4 Mamdouh Salem Imbaba Giza,01126018379,1999-10-09,M,SherifHani303@gmail.com
64,Sherif,Khaled,53 Al Saad Al Aaly Maadi Cairo,01131765240,1995-01-09,M,SherifKhaled57@gmail.com
65,Omar,Sobhi,46 Taha Hussein Zamalek Cairo,01549512830,1993-10-22,M,OmarSobhi152@outlook.com
66,Kareem,Farag,98 26 July St Downtown Cairo,01517486923,1994-12-22,M,KareemFarag230@outlook.com
67,Ibrahim,Khaled,83 Adly Downtown Cairo,01528741963,1994-11-11,M,IbrahimKhaled75@hotmail.com
68,Eyad,Sobhi,73 Abou El Feda Zamalek Cairo,01224063981,1996-03-01,M,EyadSobhi407@gmail.com
69,Haytham,Zakaria,77 Gamal Abdel Nasser Al-Salam Cairo,01197240631,1992-10-17,M,HaythamZakaria59@hotmail.com
70,Rashad,Nader,58 Al Ahram Helipolis Cairo,01505493216,1994-01-24,M,RashadNader339@outlook.com
71,Seif,Mohamed,16 26 July St Downtown Cairo,01128176935,2000-04-10,M,SeifMohamed292@outlook.com
72,Seif,Sobhi,79 kamal Al Tawil Zamalek Cairo,01208932671,2001-10-22,M,SeifSobhi298@gmail.com
73,Yasmin,Hassan,92 Champeleon Downtown Cairo,01212963458,2002-03-22,F,YasminHassan380@gmail.com
74,Salma,Khalil,13 Gamal Abdel Nasser Al-Salam Cairo,01198345027,1995-01-27,F,SalmaKhalil71@hotmail.com
75,Hana,Magdy,80 Bahgat Ali Zamalek Cairo,01297056842,1996-11-26,F,HanaMagdy330@outlook.com
76,Esraa,Ezzat,27 Gad Eid Al Doqi Giza,01065317249,2001-03-04,F,EsraaEzzat135@hotmail.com
77,Aya,Mohamed,50 Gamal Abdel Nasser Al-Salam Cairo,01221740893,1991-04-07,F,AyaMohamed24@gmail.com
78,Nour,Ghanim,10 Mamdouh Salem Imbaba Giza,01214928753,1994-03-06,F,NourGhanim311@gmail.com
79,Yasmin,Hassan,23 Oraby Maadi Cairo,01150391872,1995-12-16,F,YasminHassan415@outlook.com
80,Amal,Khaled,27 Shaheen Al Doqi Giza,01061237485,1991-03-24,F,AmalKhaled402@gmail.com
81,Amani,Waleed,92 Al Ahram Helipolis Cairo,01219273548,1997-07-14,F,AmaniWaleed196@gmail.com
82,Arwa,Khalil,9 Gamal Abdel Nasser Al-Salam Cairo,01175423906,1998-04-11,F,ArwaKhalil403@gmail.com
83,Omnya,Khaled,7 Al Merghany Heliopolis Cairo,01029730458,1996-05-01,F,OmnyaKhaled318@gmail.com
84,Rahma,Sobhi,92 Mamdouh Salem Imbaba Giza,01523571648,1998-03-27,F,RahmaSobhi212@outlook.com
85,Salma,Salah,65 26 July St Downtown Cairo,01521548936,2002-01-02,F,SalmaSalah286@outlook.com
86,Salma,Khaled,53 Kholousi Shobra Cairo,01273980156,2004-03-17,F,SalmaKhaled5@outlook.com
87,Mostafa,Sobhi,24 Doletyan Shobra Cairo,01539218046,2001-11-15,M,MostafaSobhi199@outlook.com
88,Toaa,Hani,20 Hassan Sabry Zamalek Cairo,01217398620,2000-01-24,F,ToaaHani357@gmail.com
89,Yasmin,Fawzi,74 Salah El Din Helipolis Cairo,01208473291,2000-09-16,F,YasminFawzi13@gmail.com
90,Mostafa,Khalil,61 Salah El Din Helipolis Cairo,01564973102,2001-08-10,M,MostafaKhalil107@outlook.com
91,Yasmin,Nader,91 151 St. Maadi Cairo,01230586724,1998-01-27,F,YasminNader230@hotmail.com
92,Ibrahim,Adel,92 Bahgat Ali Zamalek Cairo,01296273105,2001-10-16,M,IbrahimAdel20@hotmail.com
93,Abdallah,Zakaria,19 Shaheen Al Doqi Giza,01597628104,2003-09-01,M,AbdallahZakaria401@outlook.com
94,Ahmed,Khalil,42 18St. El-Tahrir City Imbaba Giza,01196237450,1994-08-16,M,AhmedKhalil52@outlook.com
95,Amani,Emad,25 Al Merghany Heliopolis Cairo,01145701892,2002-07-19,F,AmaniEmad90@hotmail.com
96,Noureen,Nader,15 Bahgat Ali Zamalek Cairo,01152803697,1998-09-27,F,NoureenNader296@hotmail.com
97,Rahma,Yaser,95 Al Kanal Maadi Cairo,01143586219,2001-12-05,F,RahmaYaser232@gmail.com
98,Amal,Nader,5 Shaheen Al Doqi Giza,01596873520,1999-07-06,F,AmalNader414@hotmail.com
99,Ehab,Zakaria,60 El Sadat Al-Salam Cairo,01582017354,2001-04-08,M,EhabZakaria23@hotmail.com
100,Ahmed,Ashraf,66 Gezira Zamalek Cairo,01128461309,1995-07-26,M,AhmedAshraf46@gmail.com
101,Salma,Khalil,72 Al Hegaz Helipolis Cairo,01061924078,2000-02-21,F,SalmaKhalil177@gmail.com
102,Yousif,Ezzat,53 Kholousi Shobra Cairo,01573812965,1999-05-06,M,YousifEzzat383@gmail.com
103,Ali,Salah,42 Talaat Harb Imbaba Giza,01069183740,1995-04-05,M,AliSalah71@hotmail.com
104,Noureen,Ashraf,91 Al Nozha Helipolis Cairo,01010359476,1994-09-09,F,NoureenAshraf331@outlook.com
105,Yousif,Emad,93 Champeleon Downtown Cairo,01169247835,1985-03-11,M,YousifEmad138@hotmail.com
106,Eyad,Fawzi,53 Damascus Maadi Cairo,01138452016,1976-03-04,M,EyadFawzi146@outlook.com
107,Abdalaziz,Zakaria,62 Al Hegaz Helipolis Cairo,01132159408,1962-01-17,M,AbdalazizZakaria375@gmail.com
108,Rahma,Mohamed,5 Talaat Harb Imbaba Giza,01129463781,1987-05-19,F,AliMohamed256@gmail.com
109,Kareem,Sobhi,92 Ahmed Helmy Shobra Cairo,01164875392,1985-04-24,M,KareemSobhi162@gmail.com
110,Abdallah,Khaled,17 Shagaret Al Dor Zamalek Cairo,01296812375,1978-02-15,M,AbdallahKhaled113@hotmail.com
111,Omnya,Khaled,57 Mamdouh Salem Imbaba Giza,01198410573,1984-11-26,F,OmnyaKhaled379@outlook.com
112,Amr,Adel,70 9 St. Maadi Cairo,01513249768,1985-07-19,M,AmrAdel89@gmail.com
113,Wael,Khalil,65 Hassan Sabry Zamalek Cairo,01016725398,1984-03-21,M,WaelKhalil88@outlook.com
114,Yousif,Yaser,83 Talaat Harb Imbaba Giza,01245380216,1964-07-01,M,YousifYaser110@outlook.com
115,Aya,Ezzat,90 Kholousi Shobra Cairo,01212950786,2019-07-26,F,AyaEzzat265@hotmail.com
116,Mahmoud,Zakaria,23 151 St. Maadi Cairo,01228905416,1974-12-04,M,MahmoudZakaria299@hotmail.com
117,Marawan,Ghanim,61 18St. El-Tahrir City Imbaba Giza,01076905423,2011-02-25,M,MarawanGhanim187@hotmail.com
118,Shahd,Ashraf,17 151 St. Maadi Cairo,01029560741,1972-09-22,F,ShahdAshraf124@hotmail.com
119,Kareem,Khalil,95 Hassan Sabry Zamalek Cairo,01029076415,1980-06-13,M,KareemKhalil297@outlook.com
120,Omnya,Hani,78 Al Ahram Helipolis Cairo,01520839745,1960-04-12,F,OmnyaHani250@hotmail.com
121,Ali,Nader,72 Taha Hussein Zamalek Cairo,01048392160,2013-10-10,M,AliNader306@gmail.com
122,Mariam,Salah,99 18St. El-Tahrir City Imbaba Giza,01505672381,2000-04-02,F,MariamSalah194@gmail.com
123,Nourhan,Yaser,50 Al Merghany Heliopolis Cairo,01269820351,1972-01-01,F,NourhanYaser164@hotmail.com
124,Toaa,Fawzi,92 Shaheen Al Doqi Giza,01572394085,1961-04-27,F,ToaaFawzi32@outlook.com
125,Shahd,Ghanim,42 Kholousi Shobra Cairo,01268352907,2004-11-06,F,ShahdGhanim128@hotmail.com
126,Hana,Mohamed,86 Al Saad Al Aaly Maadi Cairo,01178019432,1971-12-27,F,HanaMohamed372@hotmail.com
127,Ahmed,Ashraf,66 Hassan Ramadan Al Doqi Giza,01001298675,2008-01-27,M,AhmedAshraf71@gmail.com
128,Esraa,Fawzi,78 Sherif Downtown Cairo,01595130678,2001-06-19,F,EsraaFawzi141@outlook.com
129,Ahmed,Adel,15 Shaheen Al Doqi Giza,01212456980,1964-05-06,M,AhmedAdel97@hotmail.com
130,Nour,Hani,69 Salah El Din Helipolis Cairo,01523601987,1978-11-28,F,NourHani231@hotmail.com
131,Marawan,Adel,8 El Tahrir Downtown Cairo,01020478163,2015-10-15,M,MarawanAdel389@hotmail.com
132,Sherif,Waleed,59 Adly Downtown Cairo,01520169785,1974-11-01,M,SherifWaleed396@gmail.com
133,Ibrahim,Nader,95 Gad Eid Al Doqi Giza,01140897325,2017-09-18,M,IbrahimNader129@outlook.com
134,Ali,Adel,83 Hassan Sabry Zamalek Cairo,01041578392,2016-12-26,M,AliAdel168@outlook.com
135,Dina,Zakaria,78 Gamal Abdel Nasser Al-Salam Cairo,01130142958,2000-07-01,F,DinaZakaria238@hotmail.com
136,Amir,Ghanim,56 Hassan Ramadan Al Doqi Giza,01278413962,1976-09-13,M,AmirGhanim296@gmail.com
137,Hana,Ghanim,41 26 July St Downtown Cairo,01529506374,1960-04-10,F,HanaGhanim335@outlook.com
138,Rahma,Salah,55 Rod El Farag Shobra Cairo,01231264870,2011-08-18,F,RahmaSalah55@hotmail.com
139,Nada,Mohamed,86 Al Ahram Helipolis Cairo,01139465781,1992-06-28,F,NadaMohamed211@hotmail.com
140,Haytham,Nader,82 Al Nozha Helipolis Cairo,01087023159,2007-02-14,M,HaythamNader374@hotmail.com
141,Seif,Yaser,23 Damascus Maadi Cairo,01524381096,1996-10-05,M,SeifYaser51@hotmail.com
142,Rahma,Farag,40 Al Nozha Helipolis Cairo,01196371820,1990-07-14,F,RahmaFarag243@gmail.com
143,Esraa,Fawzi,91 Al Khamrawaya Shobra Cairo,01186475032,1962-04-17,F,EsraaFawzi139@outlook.com
144,Rahma,Farag,9 Gamal Abdel Nasser Al-Salam Cairo,01559708326,2004-07-06,F,RahmaFarag92@gmail.com
145,Nourhan,Farag,99 Gezira Zamalek Cairo,01195304621,2010-02-26,F,NourhanFarag348@outlook.com
146,Aya,Hassan,5 26 July St Downtown Cairo,01258274610,1988-02-01,F,AyaHassan189@gmail.com
147,Amal,Hassan,83 Mamdouh Salem Imbaba Giza,01150698372,2003-03-13,F,AmalHassan190@outlook.com
148,Adham,Magdy,96 Baghdad Helipolis Cairo,01070463951,2008-07-26,M,AdhamMagdy379@hotmail.com
149,Abdelrahman,Emad,44 Al Nahda Maadi Cairo,01182159403,1979-12-07,M,AbdelrahmanEmad49@hotmail.com
150,Mostafa,Adel,43 El Tahrir Downtown Cairo,01172061384,1995-09-16,M,MostafaAdel309@outlook.com
151,Hana,Sobhi,86 Gamal Abdel Nasser Al-Salam Cairo,01137219054,1960-01-05,F,HanaSobhi296@outlook.com
152,Ahmed,Waleed,72 Talaat Harb Imbaba Giza,01145107398,2011-11-05,M,AhmedWaleed327@gmail.com
153,Mahmoud,Adel,26 Al Kanal Maadi Cairo,01006538479,1994-06-22,M,MahmoudAdel136@outlook.com
154,Abdalaziz,Sobhi,31 Talaat Harb Downtown Cairo,01593051674,1962-11-22,M,AbdalazizSobhi331@hotmail.com
155,Abdalaziz,Zakaria,29 Hassan Assem Zamalek Cairo,01232974106,2003-12-16,M,AbdalazizZakaria326@gmail.com
156,Abdallah,Hani,90 Baghdad Helipolis Cairo,01071256038,1981-06-26,M,AbdallahHani121@outlook.com
157,Amal,Adel,50 Shobra St. Shobra Cairo,01057612438,1983-08-18,F,AmalAdel370@gmail.com
158,Marawan,Ezzat,5 Al Saad Al Aaly Maadi Cairo,01570961254,1961-02-06,M,MarawanEzzat372@gmail.com
159,Adham,Ghanim,30 Al Nadi Maadi Cairo,01179630418,2000-03-28,M,AdhamGhanim132@gmail.com
160,Kareem,Ashraf,86 Oraby Maadi Cairo,01517390456,2003-11-23,M,KareemAshraf54@outlook.com
161,Ali,Nader,29 Al Ahram Helipolis Cairo,01518936472,1998-11-17,M,AliNader332@outlook.com
162,Omar,Mohamed,2 Al Kanal Maadi Cairo,01574823169,2014-03-21,M,OmarMohamed112@hotmail.com
163,Seif,Sobhi,16 Damascus Maadi Cairo,01562987543,1962-03-15,M,SeifSobhi37@gmail.com
164,Abdelrahman,Emad,40 Rod El Farag Shobra Cairo,01525678039,1994-03-18,M,AbdelrahmanEmad229@hotmail.com
165,Mohamed,Adel,66 Champeleon Downtown Cairo,01167398041,2006-07-06,M,MohamedAdel124@outlook.com
166,Nour,Magdy,74 28St. El-Tahrir City Imbaba Giza,01262089317,1984-07-16,F,NourMagdy91@outlook.com
167,Amir,Khaled,75 Talaat Harb Imbaba Giza,01226837915,2008-02-07,M,AmirKhaled255@outlook.com
168,Ibrahim,Sayed,59 Al Kanal Maadi Cairo,01507286319,1990-08-18,M,IbrahimSayed170@hotmail.com
169,Rahma,Sayed,98 Al Ahram Helipolis Cairo,01030862971,1967-09-25,F,RahmaSayed139@outlook.com
170,Abdalaziz,Khaled,21 Al Nozha Helipolis Cairo,01005687193,1960-02-20,M,AbdalazizKhaled86@hotmail.com
171,Rashad,Khalil,28 Sherif Downtown Cairo,01274189035,2014-11-01,M,RashadKhalil63@outlook.com
172,Nourhan,Khalil,10 18St. El-Tahrir City Imbaba Giza,01150673294,1994-10-15,F,NourhanKhalil252@hotmail.com
173,Nour,Fawzi,46 Talaat Harb Imbaba Giza,01520567489,1965-10-20,F,NourFawzi136@hotmail.com
174,Wael,Sobhi,53 El Sadat Al-Salam Cairo,01091048573,2005-03-17,M,WaelSobhi221@gmail.com
175,Mohamed,Fawzi,51 Baghdad Helipolis Cairo,01565089127,1987-07-23,M,MohamedFawzi314@gmail.com
176,Zeyad,Salah,58 Al Nadi Maadi Cairo,01051496320,1998-06-24,M,ZeyadSalah281@hotmail.com
177,Kareem,Hani,15 Taha Hussein Zamalek Cairo,01284965327,2012-08-05,M,KareemHani300@outlook.com
178,Mohamed,Sobhi,25 Shaheen Al Doqi Giza,01282637094,1974-11-22,M,MohamedSobhi12@hotmail.com
179,Rashad,Adel,9 Al Kanal Maadi Cairo,01558036217,1970-12-23,M,RashadAdel408@hotmail.com
180,Esraa,Fawzi,21 Sherif Downtown Cairo,01264837125,1984-03-21,F,EsraaFawzi262@outlook.com
181,Haytham,Sobhi,54 El Sadat Al-Salam Cairo,01201849725,1998-12-03,M,HaythamSobhi312@outlook.com
182,Mostafa,Ashraf,95 Sherif Downtown Cairo,01279648150,1971-10-14,M,MostafaAshraf124@outlook.com
183,Salma,Khaled,45 kamal Al Tawil Zamalek Cairo,01051970826,1972-06-28,F,SalmaKhaled115@outlook.com
184,Hager,Zakaria,26 18St. El-Tahrir City Imbaba Giza,01519524860,1976-01-19,F,HagerZakaria51@hotmail.com
185,Omnya,Sobhi,8 Baghdad Helipolis Cairo,01062473519,1992-12-16,F,OmnyaSobhi354@gmail.com
186,Omnya,Mohamed,49 Mamdouh Salem Imbaba Giza,01128701463,1961-11-28,F,OmnyaMohamed250@hotmail.com
187,Arwa,Magdy,55 Taha Hussein Zamalek Cairo,01505413692,1972-08-14,F,ArwaMagdy377@outlook.com
188,Hager,Zakaria,16 Al Falaky Downtown Cairo,01028304759,1971-04-02,F,HagerZakaria247@outlook.com
189,Ibrahim,Sayed,59 Shaheen Al Doqi Giza,01049530687,1987-09-05,M,IbrahimSayed224@gmail.com
190,Ehab,Sobhi,98 Damascus Maadi Cairo,01575809412,2016-01-11,M,EhabSobhi147@gmail.com
191,Hager,Ashraf,53 El Sadat Al-Salam Cairo,01075942160,1963-11-25,F,HagerAshraf81@hotmail.com
192,Amal,Sobhi,91 Shaheen Al Doqi Giza,01140913857,2004-11-17,F,AmalSobhi25@outlook.com
193,Omnya,Yaser,62 Shaheen Al Doqi Giza,01072485316,1990-04-14,F,OmnyaYaser417@hotmail.com
194,Eyad,Ashraf,61 El Sadat Al-Salam Cairo,01038749206,1978-11-25,M,EyadAshraf326@gmail.com
195,Mohamed,Khalil,94 Al Khamrawaya Shobra Cairo,01038945620,1975-06-24,M,MohamedKhalil127@hotmail.com
196,Rashad,Ashraf,92 Shobra St. Shobra Cairo,01535921486,2002-04-16,M,RashadAshraf130@outlook.com
197,Adham,Yaser,38 Ahmed Helmy Shobra Cairo,01003564179,1977-04-13,M,AdhamYaser103@hotmail.com
198,Esraa,Mohamed,57 Shaheen Al Doqi Giza,01039857462,1970-06-22,F,EsraaMohamed4@outlook.com
199,Noureen,Farag,21 Shaheen Al Doqi Giza,01546937018,1976-07-16,F,NoureenFarag178@hotmail.com
200,Nour,Magdy,51 Baghdad Helipolis Cairo,01559243876,1970-04-11,F,NourMagdy25@outlook.com
201,Amal,Salah,62 Talaat Harb Downtown Cairo,01109418362,1996-02-03,F,AmalSalah222@hotmail.com
202,Amir,Magdy,14 Gamal Abdel Nasser Al-Salam Cairo,01086172493,1996-06-27,M,AmirMagdy132@outlook.com
203,Kareem,Emad,27 9 St. Maadi Cairo,01595728604,1997-02-10,M,KareemEmad161@gmail.com
204,Esraa,Salah,50 Adly Downtown Cairo,01062398750,1997-08-13,F,EsraaSalah285@gmail.com
205,Sherif,Salah,59 Champeleon Downtown Cairo,01295410236,1995-05-08,M,SherifSalah197@gmail.com
206,Amani,Salah,17 Gamal Abdel Nasser Al-Salam Cairo,01151963780,1997-07-28,F,AmaniSalah288@outlook.com
207,Mahmoud,Fawzi,60 Al Nahda Maadi Cairo,01213724580,1995-05-09,M,MahmoudFawzi330@outlook.com
208,Rashad,Ezzat,34 28St. El-Tahrir City Imbaba Giza,01549612573,1997-09-16,M,RashadEzzat155@gmail.com
209,Shahd,Khalil,11 Al Teraa Al Boulakeya Shobra Cairo,01049752831,2003-09-14,F,ShahdKhalil59@outlook.com
210,Nada,Adel,88 Hassan Assem Zamalek Cairo,01106431728,2000-04-22,F,NadaAdel15@gmail.com
211,Salma,Fawzi,80 Al Saad Al Aaly Maadi Cairo,01520746385,1995-04-20,F,SalmaFawzi251@outlook.com
212,Nour,Hani,22 Gamal Abdel Nasser Al-Salam Cairo,01563594827,1995-02-03,F,NourHani284@gmail.com
213,Sherif,Magdy,28 Doletyan Shobra Cairo,01598065173,2003-08-18,M,SherifMagdy85@outlook.com
214,Hager,Waleed,35 Baghdad Helipolis Cairo,01090283674,2002-04-19,F,HagerWaleed267@outlook.com
215,Rashad,Magdy,49 15 May Shobra Cairo,01095103278,1999-07-07,M,RashadMagdy382@outlook.com
216,Mariam,Nader,18 El Sadat Al-Salam Cairo,01514386972,1996-02-23,F,MariamNader348@hotmail.com
217,Kareem,Emad,86 Gamal Abdel Nasser Al-Salam Cairo,01252891067,2003-08-12,M,KareemEmad191@hotmail.com
218,Abdallah,Khalil,25 151 St. Maadi Cairo,01201523849,1998-09-14,M,AbdallahKhalil132@hotmail.com
219,Ali,Sayed,75 Al Nahda Maadi Cairo,01272385941,2000-08-12,M,AliSayed108@outlook.com
220,Ali,Khalil,64 Gad Eid Al Doqi Giza,01576450928,1999-11-18,M,AliKhalil296@outlook.com
221,Hana,Ghanim,93 26 July St Downtown Cairo,01115743082,1996-06-13,F,HanaGhanim305@gmail.com
222,Nourhan,Ghanim,5 Hassan Ramadan Al Doqi Giza,01128395706,1995-01-01,F,NourhanGhanim51@gmail.com
223,Noureen,Khalil,9 Al Saad Al Aaly Maadi Cairo,01294537810,2001-09-14,F,NoureenKhalil272@outlook.com
224,Sherif,Khaled,11 18St. El-Tahrir City Imbaba Giza,01180476219,2001-06-25,M,SherifKhaled299@outlook.com
225,Aya,Salah,41 Al Kanal Maadi Cairo,01518049325,2001-05-07,F,AyaSalah188@gmail.com
226,Rashad,Sayed,52 El Sadat Al-Salam Cairo,01280365974,2000-03-28,M,RashadSayed296@outlook.com
227,Ehab,Zakaria,10 Al Hegaz Helipolis Cairo,01167935201,1994-06-19,M,EhabZakaria117@outlook.com
228,Mahmoud,Ashraf,52 Damascus Maadi Cairo,01116457098,1998-08-14,M,MahmoudAshraf371@hotmail.com
229,Yara,Fawzi,29 Hassan Sabry Zamalek Cairo,01130761489,2003-12-20,F,YaraFawzi112@gmail.com
230,Ahmed,Zakaria,6 Al Nozha Helipolis Cairo,01508436179,1997-11-03,M,AhmedZakaria306@gmail.com
231,Esraa,Hani,14 Gamal Abdel Nasser Al-Salam Cairo,01594281065,2000-04-03,F,EsraaHani75@gmail.com
232,Rashad,Khaled,13 El Tahrir Downtown Cairo,01002187936,2001-04-13,M,RashadKhaled249@gmail.com
233,Hager,Ezzat,98 Shobra St. Shobra Cairo,01028390457,1996-11-16,F,HagerEzzat415@outlook.com
234,Mahmoud,Emad,58 Al Nadi Maadi Cairo,01291287054,2001-10-08,M,MahmoudEmad87@hotmail.com
235,Esraa,Yaser,18 Shagaret Al Dor Zamalek Cairo,01575491368,1997-03-08,F,EsraaYaser183@gmail.com
236,Toaa,Magdy,8 Gad Eid Al Doqi Giza,01202786315,1994-08-06,F,ToaaMagdy346@hotmail.com
237,Zeyad,Emad,36 Doletyan Shobra Cairo,01592134867,1998-11-15,M,ZeyadEmad102@hotmail.com
238,Amr,Khaled,7 Talaat Harb Imbaba Giza,01572619508,2003-06-08,M,AmrKhaled53@gmail.com
239,Toaa,Sayed,59 Adly Downtown Cairo,01510956782,1999-12-03,F,ToaaSayed280@hotmail.com
240,Esraa,Nader,55 Bahgat Ali Zamalek Cairo,01149208536,1996-01-28,F,EsraaNader270@outlook.com
241,Abdelrahman,Khaled,95 Sherif Downtown Cairo,01007524813,1996-03-17,M,AbdelrahmanKhaled274@gmail.com
242,Sherif,Adel,41 Oraby Maadi Cairo,01153026147,1995-11-04,M,SherifAdel335@outlook.com
243,Mariam,Hassan,90 Al Ahram Helipolis Cairo,01056734902,2003-06-20,F,MariamHassan390@outlook.com
244,Nour,Ezzat,42 Hassan Sabry Zamalek Cairo,01284013697,1995-12-16,F,NourEzzat256@outlook.com
245,Eman,Magdy,18 Champeleon Downtown Cairo,01591865047,2000-02-14,F,EmanMagdy285@hotmail.com
246,Nourhan,Hani,83 Al Merghany Heliopolis Cairo,01087016529,1998-08-18,F,NourhanHani25@outlook.com
247,Mohamed,Waleed,97 Gad Eid Al Doqi Giza,01025781630,1996-01-10,M,MohamedWaleed129@hotmail.com
248,Shahd,Sobhi,35 Champeleon Downtown Cairo,01043501928,2000-04-12,F,ShahdSobhi253@hotmail.com
249,Mahmoud,Fawzi,82 Gad Eid Al Doqi Giza,01238540619,2002-11-22,M,MahmoudFawzi17@hotmail.com
250,Marawan,Khaled,14 kamal Al Tawil Zamalek Cairo,01028369701,1996-01-08,M,MarawanKhaled42@hotmail.com
251,Mostafa,Sayed,84 Baghdad Helipolis Cairo,01527196345,2000-08-11,M,MostafaSayed352@outlook.com
252,Rashad,Sayed,100 Al Teraa Al Boulakeya Shobra Cairo,01268720951,2001-10-11,M,RashadSayed129@hotmail.com
253,Mohamed,Hani,28 9 St. Maadi Cairo,01249702683,1995-11-27,M,MohamedHani241@outlook.com
254,Ali,Farag,88 15 May Shobra Cairo,01579451236,2001-07-14,M,AliFarag372@hotmail.com
255,Aya,Salah,26 Gad Eid Al Doqi Giza,01109348625,1997-10-04,F,AyaSalah92@hotmail.com
256,Ali,Mohamed,29 Mamdouh Salem Imbaba Giza,01538967540,1995-01-25,M,AliMohamed163@gmail.com
257,Abdalaziz,Ezzat,78 Baghdad Helipolis Cairo,01185710924,1998-08-21,M,AbdalazizEzzat71@hotmail.com
258,Haytham,Nader,33 18St. El-Tahrir City Imbaba Giza,01217896502,1999-02-28,M,HaythamNader294@gmail.com
259,Mostafa,Sayed,86 Al Merghany Heliopolis Cairo,01023904786,1997-09-18,M,MostafaSayed145@outlook.com
260,Amani,Hassan,84 Al Nadi Maadi Cairo,01254670398,1994-01-09,F,AmaniHassan177@gmail.com
261,Mahmoud,Ashraf,65 Shaheen Al Doqi Giza,01280927364,1997-07-18,M,MahmoudAshraf65@outlook.com
262,Ibrahim,Ashraf,13 Shobra St. Shobra Cairo,01297483512,2003-12-16,M,IbrahimAshraf141@hotmail.com
263,Amal,Ashraf,90 Doletyan Shobra Cairo,01102597134,1994-08-20,F,AmalAshraf113@outlook.com
264,Aya,Hassan,98 Gamal Abdel Nasser Al-Salam Cairo,01562597381,2002-02-28,F,AyaHassan156@outlook.com
265,Hager,Emad,100 Hassan Ramadan Al Doqi Giza,01292716043,1999-04-01,F,HagerEmad313@gmail.com
266,Eyad,Khalil,64 Gamal Abdel Nasser Al-Salam Cairo,01094561237,1994-01-20,M,EyadKhalil381@gmail.com
267,Amani,Emad,82 Hassan Assem Zamalek Cairo,01043097162,1997-03-28,F,AmaniEmad152@outlook.com
268,Rahma,Adel,97 Hassan Ramadan Al Doqi Giza,01280742519,2004-06-07,F,RahmaAdel238@hotmail.com
269,Mostafa,Ezzat,62 Adly Downtown Cairo,01513864759,2007-02-08,M,MostafaEzzat112@outlook.com
270,Marawan,Hassan,52 Gamal Abdel Nasser Al-Salam Cairo,01162340985,2003-12-01,M,MarawanHassan182@outlook.com
271,Yasmin,Ezzat,28 Al Khamrawaya Shobra Cairo,01262098457,2007-08-28,F,YasminEzzat237@gmail.com
272,Nada,Ashraf,100 Gamal Abdel Nasser Al-Salam Cairo,01551286930,2006-12-10,F,NadaAshraf234@gmail.com
273,Seif,Emad,34 15 May Shobra Cairo,01227196053,2008-03-17,M,SeifEmad359@hotmail.com
274,Marawan,Khaled,42 Al Merghany Heliopolis Cairo,01290152643,2003-08-23,M,MarawanKhaled116@gmail.com
275,Marawan,Nader,62 Hassan Ramadan Al Doqi Giza,01115603792,2005-10-20,M,MarawanNader269@outlook.com
276,Noureen,Magdy,26 Shagaret Al Dor Zamalek Cairo,01008216435,2004-09-12,F,NoureenMagdy255@hotmail.com
277,Yara,Adel,85 Adly Downtown Cairo,01001962835,2003-04-26,F,YaraAdel344@outlook.com
278,Ahmed,Hani,37 Hassan Sabry Zamalek Cairo,01263521478,2003-10-13,M,AhmedHani268@gmail.com
279,Kareem,Farag,50 Hassan Assem Zamalek Cairo,01279614580,2004-01-24,M,KareemFarag149@outlook.com
280,Amani,Salah,42 Salah El Din Heliopolis Cairo,01103176842,2008-11-25,F,AmaniSalah415@gmail.com
281,Mahmoud,Khaled,46 Al Nozha Heliopolis Cairo,01565143208,2006-08-20,M,MahmoudKhaled64@hotmail.com
282,Ali,Nader,43 Hassan Assem Zamalek Cairo,01514280759,2003-10-20,M,AliNader250@outlook.com
283,Amr,Waleed,80 Hassan Ramadan Al Doqi Giza,01206289743,2005-11-20,M,AmrWaleed350@gmail.com
284,Wael,Mohamed,84 Gamal Abdel Nasser Al-Salam Cairo,01054671328,2007-07-06,M,WaelMohamed409@hotmail.com
285,Arwa,Farag,28 Gamal Abdel Nasser Al-Salam Cairo,01129408517,2003-06-23,F,ArwaFarag29@outlook.com
286,Abdalaziz,Nader,55 Salah El Din Heliopolis Cairo,01197152843,2007-10-13,M,AbdalazizNader137@gmail.com
287,Adham,Waleed,84 kamal Al Tawil Zamalek Cairo,01540216537,2004-11-27,M,AdhamWaleed70@outlook.com
288,Nour,Fawzi,51 Sherif Downtown Cairo,01018607349,2008-04-14,F,NourFawzi78@outlook.com
289,Omar,Nader,85 Ahmed Helmy Shobra Cairo,01590562417,2004-09-06,M,OmarNader19@gmail.com
290,Arwa,Farag,96 Al Merghany Heliopolis Cairo,01018396420,2007-05-26,F,ArwaFarag355@hotmail.com
291,Omnya,Hassan,14 Talaat Harb Downtown Cairo,01149367582,2007-06-15,F,OmnyaHassan239@gmail.com
292,Shahd,Ashraf,65 Al Hegaz Heliopolis Cairo,01272835409,2005-05-14,F,ShahdAshraf162@hotmail.com
293,Ibrahim,Hassan,54 Shaheen Al Doqi Giza,01167041932,2006-01-06,M,IbrahimHassan91@hotmail.com
294,Amir,Yaser,55 Al Hegaz Heliopolis Cairo,01557421936,2006-04-03,M,AmirYaser133@gmail.com
295,Seif,Nader,51 Hassan Ramadan Al Doqi Giza,01276481205,2005-11-02,M,SeifNader349@outlook.com
296,Abdelrahman,Mohamed,29 Gad Eid Al Doqi Giza,01503619287,2004-09-21,M,AbdelrahmanMohamed107@gmail.com
297,Hager,Sobhi,73 Champeleon Downtown Cairo,01064023917,2006-11-23,F,HagerSobhi231@hotmail.com
298,Sherif,Hassan,63 Adly Downtown Cairo,01232450891,2005-08-16,M,SherifHassan408@gmail.com
299,Nada,Fawzi,98 Hassan Ramadan Al Doqi Giza,01210328657,2004-06-23,F,NadaFawzi307@hotmail.com
300,Amani,Adel,76 Doletyan Shobra Cairo,01207618294,2008-09-23,F,AmaniAdel400@hotmail.com
301,Salma,Waleed,92 Al Ahram Heliopolis Cairo,01276358941,2004-08-14,F,SalmaWaleed48@hotmail.com
302,Wael,Fawzi,73 18St. ElTahrir City Imbaba Giza,01045907681,2004-04-13,M,WaelFawzi66@outlook.com 
303,Yasmin,Mohamed,13 Damascus Maadi Cairo,01178314502,2004-06-27,F,YasminMohamed367@gmail.com
304,Yara,Zakaria,31 Adly Downtown Cairo,01273195860,2004-04-26,F,YaraZakaria191@hotmail.com
305,Yousif,Fawzi,56 Talaat Harb Imbaba Giza,01235928064,2008-11-05,M,YousifFawzi296@gmail.com
306,Sherif,Salah,29 Al Ahram Heliopolis Cairo,01085132064,2007-07-13,M,SherifSalah379@gmail.com
307,Abdalaziz,Sobhi,23 Hassan Sabry Zamalek Cairo,01214632597,2003-05-16,M,AbdalazizSobhi203@hotmail.com
308,Shahd,Adel,100 Ahmed Helmy Shobra Cairo,01293086572,2008-03-26,F,ShahdAdel99@gmail.com
309,Abdallah,Waleed,77 Shaheen Al Doqi Giza,01537859104,2003-09-25,M,AbdallahWaleed69@hotmail.com
310,Amani,Fawzi,99 El Sadat Al-Salam Cairo,01174308921,2007-11-16,F,AmaniFawzi368@hotmail.com
311,Amir,Sayed,72 Salah El Din Heliopolis Cairo,01237569082,2003-09-22,M,AmirSayed239@gmail.com
312,Ehab,Hani,78 18St. ElTahrir City Imbaba Giza,01251832079,2007-07-13,M,EhabHani203@outlook.com
313,Noureen,Adel,66 18St. ElTahrir City Imbaba Giza,01045320187,2003-03-19,F,NoureenAdel133@gmail.com
314,Nour,Waleed,21 Mamdouh Salem Imbaba Giza,01552943701,2005-02-09,F,NourWaleed62@hotmail.com
315,Nourhan,Adel,85 15 May Shobra Cairo,01513789546,2003-12-08,F,NourhanAdel333@gmail.com
316,Marawan,Hani,72 El Sadat Al-Salam Cairo,01230852649,2005-01-21,M,MarawanHani49@outlook.com
317,Nada,Farag,48 Ahmed Helmy Shobra Cairo,01043725081,2008-06-21,F,NadaFarag390@gmail.com
318,Rahma,Ezzat,54 Baghdad Heliopolis Cairo,01523975681,2005-06-22,F,RahmaEzzat312@outlook.com
319,Kareem,Salah,23 Talaat Harb Downtown Cairo,01578953421,2006-01-08,M,KareemSalah61@hotmail.com
320,Omar,Ashraf,99 Gamal Abdel Nasser Al-Salam Cairo,01276901523,2004-05-25,M,OmarAshraf420@hotmail.com
321,Nada,Emad,5 28St. ElTahrir City Imbaba Giza,01083460215,2004-08-21,F,NadaEmad320@hotmail.com
322,Kareem,Salah,91 Mamdouh Salem Imbaba Giza,01106541983,2007-11-12,M,KareemSalah6@outlook.com
323,Dina,Yaser,98 Gamal Abdel Nasser Al-Salam Cairo,01225416709,2007-03-01,F,DinaYaser57@hotmail.com
324,Seif,Sayed,50 Al Merghany Heliopolis Cairo,01119463570,2005-10-09,M,SeifSayed313@hotmail.com
325,Mohamed,Ezzat,42 Damascus Maadi Cairo,01004583169,2003-05-08,M,MohamedEzzat11@hotmail.com
326,Arwa,Khalil,39 Rod El Farag Shobra Cairo,01183165472,2003-01-15,F,ArwaKhalil368@outlook.com
327,Marawan,Khalil,51 El Tahrir Downtown Cairo,01116084325,2005-05-21,M,MarawanKhalil191@outlook.com
328,Yara,Magdy,51 18St. ElTahrir City Imbaba Giza,01534561079,2005-10-07,F,YaraMagdy374@hotmail.com
329,Arwa,Ashraf,50 Damascus Maadi Cairo,01126549371,2004-03-17,F,ArwaAshraf310@gmail.com
330,Abdalaziz,Nader,56 Oraby Maadi Cairo,01057106423,2004-01-06,M,AbdalazizNader97@hotmail.com
331,Haytham,Sayed,53 15 May Shobra Cairo,01140235697,2006-05-01,M,HaythamSayed290@gmail.com
332,Sherif,Emad,99 Mohammed Mazhar Zamalek Cairo,01578240561,2008-02-08,M,SherifEmad222@outlook.com
333,Nourhan,Sobhi,75 Rod El Farag Shobra Cairo,01532875604,2007-07-13,F,NourhanSobhi405@gmail.com
334,Toaa,Salah,29 El Sadat Al-Salam Cairo,01597658210,2003-02-15,F,ToaaSalah236@outlook.com
335,Aya,Ghanim,91 Sherif Downtown Cairo,01164783105,2006-12-22,F,AyaGhanim19@outlook.com
336,Amani,Waleed,58 El Tahrir Downtown Cairo,01540816327,2003-05-28,F,AmaniWaleed418@hotmail.com
337,Nourhan,Yaser,87 Shobra St. Shobra Cairo,01250683497,2006-04-07,F,NourhanYaser225@hotmail.com
338,Dina,Zakaria,21 Al Nahda Maadi Cairo,01502438657,2005-04-17,F,DinaZakaria289@outlook.com
339,Mostafa,Mohamed,26 Hassan Assem Zamalek Cairo,01226853097,2003-10-15,M,MostafaMohamed264@gmail.com
340,Eyad,Magdy,78 Ahmed Helmy Shobra Cairo,01097164250,2006-04-14,M,EyadMagdy64@outlook.com
341,Mariam,Khalil,24 Salah El Din Heliopolis Cairo,01560519482,2008-02-11,F,MariamKhalil330@outlook.com
342,Dina,Nader,26 Al Ahram Heliopolis Cairo,01076385209,2005-10-25,F,DinaNader206@hotmail.com
343,Omnya,Hassan,39 Champeleon Downtown Cairo,01139518427,2004-03-23,F,OmnyaHassan179@hotmail.com
344,Yara,Nader,61 28St. ElTahrir City Imbaba Giza,01050271693,2005-07-01,F,YaraNader198@hotmail.com 
345,Noureen,Hassan,76 Shobra St. Shobra Cairo,01061853290,2007-08-13,F,NoureenHassan273@outlook.com
346,Nada,Khaled,80 Shaheen Al Doqi Giza,01285039746,2004-05-19,F,NadaKhaled298@outlook.com
347,Abdelrahman,Adel,47 Al Teraa Al Boulakeya Shobra Cairo,01529345168,2005-03-14,M,AbdelrahmanAdel29@gmail.com